,Id_servicio,Id_catalogo,Id_prestador,Estado_servicio,Titulo_servicio,Informacion,Precio,Fecha_inicio,Fecha_cierre
0,100001,,,,"HONDA PILOT 2013 FRONTERIZA
Juárez","Honda Pilot 2013 fronteriza cero adeudos, 5 puertas, automática, eléctrica, Bluetooth, WiFi. Pantalla, cámara de reversa. A/C. Para mayor información llamar al 656 442 7221","$190,000 ",11/21/2022 20:00,12/21/2022 20:00
1,100002,,,,"AUDI 2014 ENVY MEXICANO COLOR ROJO VIOLETA 79 000 KM
Ciudad Juárez",AUTOMATICO 3 PUERTAS A/C SONIDO BOSTER PANTALLA,"$215,000 ",11/21/2022 20:00,12/21/2022 20:00
2,100003,,,,"Vendo murano 2015
juarez chihuahua","En venta murano 2015 sin adeudo ya plaqueada sin detalle lista para viajar solo cambió de propietario pido 265,000.00 negociable con dinero en mano","$265,000 ",11/21/2022 20:00,12/21/2022 20:00
3,100004,,,,"COMPRA DE AUTOS
Ciudad Juárez","❗COMPRO CARROS TROCAS O CAMIONETAS❗ AMERICANOS TENGAN O NO TENGAN TÍTULO ???????? FRONTERIZOS Y NACIONALES ???????? CON O SIN ADEUDO CON O SIN PAPELES ???? NO IMPORTA EL AÑO, …","$50,000 ",11/21/2022 20:00,12/21/2022 20:00
4,100005,,,,"Nissan Versa 1.6 Exclusive Navi 2017
Ciudad Juárez",Grupo Mabe pone en remate su gran flota vehicular por cambio de unidades contamos con unidades en perfecto estado 100% operativas todas nuestras unidades cuentan con factura …,"$70,000 ",11/21/2022 20:00,12/21/2022 20:00
5,100006,,,,"Volkswagen Jetta Sportline
Ciudad Juárez",Grupo Mabe pone en remate su gran flota vehicular por cambio de unidades contamos con unidades en perfecto estado 100% operativas todas nuestras unidades cuentan con factura …,"$70,000 ",11/21/2022 20:00,12/21/2022 20:00
6,100007,,,,"Volkswagen Gol 1.6 Trendline 2018c
Ciudad Juárez",Grupo Mabe pone en remate su gran flota vehicular por cambio de unidades contamos con unidades en perfecto estado 100% operativas todas nuestras unidades cuentan con factura …,"$60,000 ",11/21/2022 20:00,12/21/2022 20:00
7,100008,,,,"Chevrolet Aveo 2017 1.6
Ciudad Juárez",Grupo Mabe pone en remate su gran flota vehicular por cambio de unidades contamos con unidades en perfecto estado 100% operativas todas nuestras unidades cuentan con factura …,"$50,000 ",11/21/2022 20:00,12/21/2022 20:00
8,100009,,,,"Nissan Sentra EXCLUSIVE
Ciudad Juárez",Grupo Mabe pone en remate su gran flota vehicular por cambio de unidades contamos con unidades en perfecto estado 100% operativas todas nuestras unidades cuentan con factura …,"$80,000 ",11/21/2022 20:00,12/21/2022 20:00
9,100010,,,,"Nissan Kicks 2018
Ciudad Juárez",Grupo Mabe pone en remate su gran flota vehicular por cambio de unidades contamos con unidades en perfecto estado 100% operativas todas nuestras unidades cuentan con factura …,"$90,000 ",11/21/2022 20:00,12/21/2022 20:00
10,100011,,,,"Volkswagen Jetta 2017
Ciudad Juárez",Grupo Mabe pone en remate su gran flota vehicular por cambio de unidades contamos con unidades en perfecto estado 100% operativas todas nuestras unidades cuentan con factura …,"$60,000 ",11/21/2022 20:00,12/21/2022 20:00
11,100012,,,,"Volkswagen Vento 1.6 Highline 2018 At
Ciudad Juárez",Grupo Mabe pone en remate su gran flota vehicular por cambio de unidades contamos con unidades en perfecto estado 100% operativas todas nuestras unidades cuentan con factura …,"$50,000 ",11/21/2022 20:00,12/21/2022 20:00
12,100013,,,,"Nissan Versa 1.6 Exclusive
Ciudad Juárez",Grupo Mabe pone en remate su gran flota vehicular por cambio de unidades contamos con unidades en perfecto estado 100% operativas todas nuestras unidades cuentan con factura …,"$70,000 ",11/21/2022 20:00,12/21/2022 20:00
13,100014,,,,"Chevrolet Aveo 2018 1.6
Ciudad Juárez",Chevrolet Aveo 2018 1.6 Grupo Mabe pone en remate su gran flota vehicular por cambio de unidades contamos con unidades en perfecto estado 100% operativas todas nuestras unidades …,"$60,000 ",11/21/2022 20:00,12/21/2022 20:00
14,100015,,,,"Toyota Prius Premium Cvt 2018 5p 1.8 Aut
Ciudad Juárez",Grupo Mabe pone en remate su gran flota vehicular por cambio de unidades contamos con unidades en perfecto estado 100% operativas todas nuestras unidades cuentan con factura …,"$120,000 ",11/21/2022 20:00,12/21/2022 20:00
15,100016,,,,"Toyota Prius Premium Cvt 2017 5p 1.8 Aut
Ciudad Juárez",Toyota Prius Premium Cvt 2017 5p 1.8 Aut Grupo Mabe pone en remate su gran flota vehicular por cambio de unidades contamos con unidades en perfecto estado 100% operativas todas …,"$90,000 ",11/21/2022 20:00,12/21/2022 20:00
16,100017,,,,"Toyota Avanza 2018 Gl 4p 1.5
Ciudad Juárez",Grupo Mabe pone en remate su gran flota vehicular por cambio de unidades contamos con unidades en perfecto estado 100% operativas todas nuestras unidades cuentan con factura …,"$70,000 ",11/21/2022 20:00,12/21/2022 20:00
17,100018,,,,"Toyota Sienna Xle 2016 4p 3.5 Aut
Ciudad Juárez",Grupo Mabe pone en remate su gran flota vehicular por cambio de unidades contamos con unidades en perfecto estado 100% operativas todas nuestras unidades cuentan con factura …,"$90,000 ",11/21/2022 20:00,12/21/2022 20:00
18,100019,,,,"Nissan Tiida 1.8 Advancec
Ciudad Juárez",Grupo Mabe pone en remate su gran flota vehicular por cambio de unidades contamos con unidades en perfecto estado 100% operativas todas nuestras unidades cuentan con factura …,"$50,000 ",11/21/2022 20:00,12/21/2022 20:00
19,100020,,,,"Chevrolet Suburban 2017 Premier Ltz 4p 5.4 Aut
Ciudad Juárez",Grupo Mabe pone en remate su gran flota vehicular por cambio de unidades contamos con unidades en perfecto estado 100% operativas todas nuestras unidades cuentan con factura …,"$120,000 ",11/21/2022 20:00,12/21/2022 20:00
20,100021,,,,"Toyota Corolla Se 4p 2017 1.8 Aut
Ciudad Juárez",Grupo Mabe pone en remate su gran flota vehicular por cambio de unidades contamos con unidades en perfecto estado 100% operativas todas nuestras unidades cuentan con factura …,"$70,000 ",11/21/2022 20:00,12/21/2022 20:00
21,100022,,,,"Nissan NP300 2.4 Doble Cabina 2018 Se Aa Pack Seg Mt
Ciudad Juárez",Nissan NP300 2.4 Doble Cabina 2018 Se Aa Pack Seg Mt,"$90,000 ",11/21/2022 20:00,12/21/2022 20:00
22,100023,,,,"Nissan Frontier 2018 Le Diesel 2.5l Tdi 4x4 Aut
Ciudad Juárez",Grupo Mabe pone en remate su gran flota vehicular por cambio de unidades contamos con unidades en perfecto estado 100% operativas todas nuestras unidades cuentan con factura …,"$120,000 ",11/21/2022 20:00,12/21/2022 20:00
23,100024,,,,"Nissan NV350 Urvan 2.5 15
Ciudad Juárez",Grupo Mabe pone en remate su gran flota vehicular por cambio de unidades contamos con unidades en perfecto estado 100% operativas todas nuestras unidades cuentan con factura …,"$120,000 ",11/21/2022 20:00,12/21/2022 20:00
24,100025,,,,Doctora Quiropráctico Bahenaciudad Juárez,QUIROPRACTICO ESPECIALISTA DEL DOLOR YA NO VIVAS CON DOLOR CRONICO especialista columna vertebral discos hernias lumbares cervicales ciática artritis artrosis dolores de …,,11/21/2022 20:00,12/21/2022 20:00
25,100026,,,,Doctora Quiropráctico Bahenaciudad Juárez,"QUIROPRÁCTICO BAHENA ESPECIALISTA DEL DOLOR CRÓNICO NO VIVAS CON DOLOR ES PARA TODAS LAS AFECCIONES dolorosas y otras lesiones, también in específicos PARA COSTOS Y CITAS LLAME …",,11/21/2022 20:00,12/21/2022 20:00
26,100027,,,,Masaje terapeutico,"Brindo masaje terapéutico, consiste en masaje relajante donde puedes platicar todos tus problemas y desahogarte, sin que nadie te juzgue y te diga nada, se utiliza aceite de …",,11/21/2022 20:00,12/21/2022 20:00
27,100028,,,,Ya no vivas con dolor crónico especialista del dolor Cd,QUIROPRACTICO ESPECIALISTA DEL DOLOR YA NO VIVAS CON DOLOR CRONICO especialista columna vertebral discos hernias lumbares cervicales ciática artritis artrosis dolores de …,,11/21/2022 20:00,12/21/2022 20:00
28,100029,,,,Especialista en columna vertebral hernias ciudad Juárez,QUIROPRACTICO ESPECIALISTA DEL DOLOR YA NO VIVAS CON DOLOR CRONICO especialista columna vertebral discos hernias lumbares cervicales ciática artritis artrosis dolores de …,,11/21/2022 20:00,12/21/2022 20:00
29,100030,,,,Especialista del dolor crónico Cd Juárez,QUIROPRACTICO ESPECIALISTA DEL DOLOR YA NO VIVAS CON DOLOR CRONICO especialista columna vertebral discos hernias lumbares cervicales ciática artritis artrosis dolores de …,,11/21/2022 20:00,12/21/2022 20:00
30,100031,,,,Quiropráctico especialista en dolor en Ciudad Juárez,QUIRORACTICO ESPECIALISTA DEL DOLOR para mas informacion de tallada sobre costos y citas llame De Lunes A Sabado En Hrs Aviles TEL.6564062634 CEL 656 120 7926 Y Whatsappeando,,11/21/2022 20:00,12/21/2022 20:00
31,100032,,,,Quiropráctico especialista en dolor en Ciudad Juárez,QUIROPRÁCTICO BAHENA ESPECIALISTA DEL DOLOR CRÓNICO NO VIVAS CON DOLOR ES PARA TODAS LAS AFECCIONES DOLOROSAS ????‍♂️????‍♀️????‍♂️ ALINEACIÓNION DE COLUMNA HERNIAS DISCALES …,,11/21/2022 20:00,12/21/2022 20:00
32,100033,,,,Quiropráctico especialista del dolor crónico de hernias,Quiropráctico especialista del dolor crónico de hernias de disco cervicales lumbares alineación de columna evita la cirugía es un método innovador para no ir a quirófano …,,11/21/2022 20:00,12/21/2022 20:00
33,100034,,,,Quiropráctico especialista en columna hernias cervicales lumbare,Quiropráctico especialista del dolor crónico de hernias de disco cervicales lumbares alineación de columna evita la cirugía es un método innovador para no ir a quirófano …,,11/21/2022 20:00,12/21/2022 20:00
34,100035,,,,Ya no vivas con dolor,para costos y citas y ubicación y costos llame para mas información de tallada al 6561207926 cel y whatsaap,,11/21/2022 20:00,12/21/2022 20:00
35,100036,,,,No vivas con dolor crónico,Para más información detallada sobre costos y citas marqué al 656 120 79 26 WhatsApp,,11/21/2022 20:00,12/21/2022 20:00
36,100037,,,,especialista para artritis en cd Juarez,Quiropráctico especialista del dolor crónico de hernias de disco cervicales lumbares alineación de columna evita la cirugía es un método innovador para no ir a quirófano …,,11/21/2022 20:00,12/21/2022 20:00
37,100038,,,,Especialista dolor de espalda,Quiropractico Bahena Especialista de dolor,,11/21/2022 20:00,12/21/2022 20:00
38,100039,,,,Ya no vivas con dolor,QUIROPRACTICO ESPECIALISTA DEL DOLOR YA NO VIVAS CON DOLOR CRONICO especialista columna vertebral discos hernias lumbares cervicales ciática artritis artrosis dolores de …,,11/21/2022 20:00,12/21/2022 20:00
39,100040,,,,ESPECIALISTA DEL sueño I,"QUIROPRÁCTICO BAHENA ESPECIALISTA DEL DOLOR CRÓNICO NO VIVAS CON DOLOR ES PARA TODAS LAS AFECCIONES dolorosas y otras lesiones, también inespecíficos PARA COSTOS Y CITAS LLAME …",,11/21/2022 20:00,12/21/2022 20:00
40,100041,,,,Quiropráctico Bahena Juárez,QUIROPRACTICO ESPECIALISTA DEL DOLOR YA NO VIVAS CON DOLOR CRONICO especialista columna vertebral discos hernias lumbares cervicales ciática artritis artrosis dolores de …,,11/21/2022 20:00,12/21/2022 20:00
41,100042,,,,Quiropráctico especialista del dolor crónico en ciudad Juárez,Quiropráctico ESPECIALISTA DEL DOLOR YA NO VIVAS CON DOLOR Crónico especialista columna vertebral hernias de disco cervicales ciática artritis artrosis dolores de fibromialgia …,,11/21/2022 20:00,12/21/2022 20:00
42,100043,,,,Concientete,Conciente con un merecido masaje relajante con aceites aromáticos en un ambiente cálido y tranquilo que ayudan a lograr ese descanso del cuerpo y mente tan deseado. Mándame un …,,11/21/2022 20:00,12/21/2022 20:00
43,100044,,,,Enfermeros a domicilio,Servicio de enfermería a domicilio y Ambulancias particulares,,11/21/2022 20:00,12/21/2022 20:00
44,100045,,,,Masage relajante,"Soy terapista masagista , experiencia de 10 años, puedo ir al domicilio, para Hombres y mujeres.",,11/21/2022 20:00,12/21/2022 20:00
45,100046,,,,Masajes terapeuticos,Masajes terapeuticos para: -ESTRES -DEPRESION -ANSIEDAD -INSOMNIO -ESTREÑIMIENTO -ENERGIA -BUENA CIRCULACION -NUTRIR LA SANGRE -DESINTOXICAR -QUITAR CORAJES -SISTEMA NERVIOSO -MUSC …,,11/21/2022 20:00,12/21/2022 20:00
46,100047,,,,Masaje reductivo y Anti estrés para Mujeres maduras 30,"Masaje reductor área de abdomen, piernas, levanta glúteos. También relajante Disfruta de un buen momento y déjate consentir",,11/21/2022 20:00,12/21/2022 20:00
47,100048,,,,MAYSOON SPA,MASAJE REDUCTIVO PARA HOMBRES Y MUJERES CON EL BENEFICIO DE LIBERAR TOXINAS Y LIQUIDOS RETENIDOS,,11/21/2022 20:00,12/21/2022 20:00
48,100049,,,,"Bocina para PC Tipo Gamer con Luz LED Fussion Acustic …
Ciudad Juárez","Conector Jack de 3.5mm (Audio), USB (alimentación) Control de volumen Control de volumen ajustable Conector USB",,11/21/2022 20:00,12/21/2022 20:00
49,100050,,,,"SCANER MAGIC INSTA SCAN vupoint
Juárez","SCANER MAGIC INSTA SCAN Escaner para usarse en la computadora o sobre mesa, usa 6 pilas aa, con ranura para memoria,modelo pds-st420vp usa formato jpeg a pdf, 900 dpi, en buen …",,11/21/2022 20:00,12/21/2022 20:00
50,100051,,,,"Pantallas smart
cd Juarez chihuahua",Varios tamaños desde 32 pulgadas hasta 70,,11/21/2022 20:00,12/21/2022 20:00
51,100052,,,,"Proyector Panasonic PT-D3500U
ciudad juarez",Vendo Proyector Panasonic PT-D3500U en buenas condiciones Precio a Tratar,,11/21/2022 20:00,12/21/2022 20:00
52,100053,,,,"EPSON 78 CARTUCHOS
Juárez","EPSON 78 CARTUCHOS. Paquete con cinco cartuchos de tinta para las impresoras Epson modelo 78, nuevo, caja levemente dañada. 1430 . Se entrega en parque Borunda en cd. Juárez …",,11/21/2022 20:00,12/21/2022 20:00
53,100054,,,,"SCANER MAGIC INSTA SCAN
Juárez","SCANER MAGIC INSTA SCAN Escaner para usarse en la computadora o sobre mesa, usa 6 pilas aa, con ranura para memoria,modelo pds-st420vp usa formato jpeg a pdf, 900 dpi, en buen …",,11/21/2022 20:00,12/21/2022 20:00
54,100055,,,,"PICTORE MATE EPSON MOD B 351A
Juárez","Impresora fotografica portatil de uso domestic o professional marca Epson con visor de fotografías en diferentes formatos de memoria, con asa para trasporte, entrada conexión …",,11/21/2022 20:00,12/21/2022 20:00
55,100056,,,,"HP PHOTO SMART MOD 375
Juárez","Impresora fotografica portatil de uso domestic o professional marca hp, con visor de fotografías en diferentes formatos de memoria, entrada conexión para pc, funciona, incluye …",,11/21/2022 20:00,12/21/2022 20:00
56,100057,,,,"Tarjeta Madre GIGABYTE B660M G X AX DDR4 LGA1700 Micro ATX
Ciudad Juárez","Chipset: B660 Express Soporte de CPU: Compatibilidad con procesadores Intel Core, Pentium Gold y Celeron de doceava generación Socket: LGA1700 Memoria: 4 zócalos DDR4 DIMM que …",,11/21/2022 20:00,12/21/2022 20:00
57,100058,,,,"Mouse Logitech m280 Óptico Inalámbrico, USB. 910-004361
Ciudad Juárez",Modelo: 910-004361Fabricante: LOGITECHMarca: LogitechColor: AzulTipo de Mouse: Óptico InalámbricoDiseño del Mouse: EstándarInterfaz: Receptor USBDimensiones: 105.4 x 67.9 x 38.4 …,,11/21/2022 20:00,12/21/2022 20:00
58,100059,,,,"Mouse Pad Steelseries Qck Edge Tamaño Mediano
Ciudad Juárez",• Mouse Pad Gamer diseñado para brindar comodidad por largas horas de juego. • Marca Steelseries. • Las medidas del mousepad son: 32 x 27 cm,,11/21/2022 20:00,12/21/2022 20:00
59,100060,,,,"HUB 4 PUERTOS USB 2.0 PERFECT CHOICE
Ciudad Juárez",Producto original y nuevoGarantía valida en MéxicoMáxima duraciónAtractivo diseño,,11/21/2022 20:00,12/21/2022 20:00
60,100061,,,,"Para Xiaomi para redmi Airdots auricular inalámbrico BT 5.0 a …
Ciudad Juárez","1. Bluetooth 5.0: redmi AirDots está equipado con la última chip Bluetooth 5.0, la velocidad de transferencia de datos es hasta 2 veces en comparación con la generación anterior, …",,11/21/2022 20:00,12/21/2022 20:00
61,100062,,,,"Monitor gamer 23.8 XZEAL Freesync 1ms 165Hz Full HD VA HDMI …
Ciudad Juárez","Tamaño de pantalla: 23.8Tipo de panel: VA Resolución: 1920 x 1080 (FHD)Frecuencia de actualización: 165HzTiempo de respuesta: 1 msColores de pantalla: 16,7 millones",,11/21/2022 20:00,12/21/2022 20:00
62,100063,,,,"CABLE DE RED GHIA 2 MTS 6 PIES PATCH CORD RJ45 CAT 5E UTP GRIS
Ciudad Juárez",Código del Fabricante: GCB-0122 MÁS UTPLISTADO ULCERTIFICADO A 350 MHZ4 PARES 0.5MM 100 COBRECONECTORES RJ-47Producto original y nuevoGarantía valida en MéxicoMáxima duraciónAtract …,,11/21/2022 20:00,12/21/2022 20:00
63,100064,,,,"Monitor LED AOC 24B2XHM de 23.8"", Resolución 1920 x 1080 Full HD
Ciudad Juárez","Modelo: 24B2XHMFabricante: AOCMarca: AOCTipo: MonitorTipo de Pantalla: LEDTamaño de Pantalla: 23.8""Tipo de Panel: VAEntrada HDMI: 1Entrada VGA: 1Dimensiones: Sin Soporte 32.9 x …",,11/21/2022 20:00,12/21/2022 20:00
64,100065,,,,"Silla Gamer BALAM RUSH THUNDER RUSH 2 Ergonomica Reclinable …
Ciudad Juárez","Materiales: Metal, espuma, tela, nylon, poliuretanoDimensiones: 67 cm * 71 cm * 134 cmÁngulo de inclinación: 90° - 180°Mecanismo: MariposaPeso máximo: 150 kgPistón de gas: Clase 4",,11/21/2022 20:00,12/21/2022 20:00
65,100066,,,,"software punto de venta
Juárez","Conoce nuestro punto de venta. Con nuestro software podra recibir pagos, crear apartados, manejar egresos, crear reportes, llevar inventario de material y productos, generar …",,11/21/2022 20:00,12/21/2022 20:00
66,100067,,,,"Control de Inventarios y Produccion
Juárez","Maneja un control de Cobranza, Egresos, Inventarios de Materiales productos, Requisiciones asi como asignar servicios todo con nuestro software. Todo con unos simples clicks y si …",,11/21/2022 20:00,12/21/2022 20:00
67,100068,,,,"Software agentes de seguros
Ciudad Juárez",Presentamos nuestro software Para Administración de Cartera y Pólizas para agentes de seguros; con nuestro software podrás llevar un archivo digital de forma segura de la …,,11/21/2022 20:00,12/21/2022 20:00
68,100069,,,,"Software productividad y control de tiempos
Ciudad Juárez","Nuestro Software te ayudara a administrar las actividades y los tiempos de la empresa, llevando un registro detallado del tiempo que se toma realizar las actividades dándote un …",,11/21/2022 20:00,12/21/2022 20:00
69,100070,,,,"Clinica dental laser
Ciudad Juárez","Tratamientos dentales de limpieza dental, Implantes dentales, Ortodoncista Titulada contactanos y conoce como una linda sonrisa puede iliminar tu rostro.",,11/21/2022 20:00,12/21/2022 20:00
70,100071,,,,"software facturacion 3.3
Ciudad Juárez","Facturación 3.3 fácil nuestro software te ofrece una plataforma segura e independiente con servicio sin interrupciones, donde podrás llevar un control total de tu facturación, …",,11/21/2022 20:00,12/21/2022 20:00
71,100072,,,,"mercadito software administrativo
Ciudad Juárez","Desarrollo profesional de software empresarial, punto de venta, software produccion, software agentes de seguros, facturacion 3.3 obten tu software y ten merjor control de tu empresa …",,11/21/2022 20:00,12/21/2022 20:00
72,100073,,,,Labor Counsel/Lawyer,"My Role: Interacts with HR, Labor Relations, Payroll, Finance and Operations to provide advice and counseling on all employment, Social Security and litigation matters; Develops …",,11/21/2022 20:00,12/21/2022 20:00
73,100074,,,,[SU-972] | Internal Auditor,"Descripción y Requisitos •BA/BS in Accounting or Finance a must.•Career in Accounting , Finance or Business Administration preferred.•5 years' internal audit experience in a …",,11/21/2022 20:00,12/21/2022 20:00
74,100075,,,,"(OY207) Asesor Digital en Campo - Ciudad Juárez, Chihuahua",Grupo Salinas tiene una oportunidad para ti! Requisitos Preparatoria trunca o terminada Disponibilidad para trabajar 100% en campo Actividades Prospección de clientes en campo …,,11/21/2022 20:00,12/21/2022 20:00
75,100076,,,,Supervisor de Auditoria | EAQ-286,"Supervisor de Auditoria - contratacion inmediata LOA ACCOUNTING - Azcapotzalco, Ciudad de México DF Requerimientos 1 año de experiencia Idiomas: Español Edad: entre 30 y 50 años …",,11/21/2022 20:00,12/21/2022 20:00
76,100077,,,,Asesor/a digital de aplicación E569,"Únete a una de las empresas mexicanas con mayor crecimiento y forma parte de esta gran etapa, ""ESTAMOS DIGITALIZANDO MÉXICO"" Solicitamos promotores de aplicación BAZ en campo …",,11/21/2022 20:00,12/21/2022 20:00
77,100078,,,,QG-597 | Billing Auditor,Overview Responsible for reviewing and monitoring the Billing setup and accuracy of all major clients that are billed through the Billing Department to deliver accurate revenue …,,11/21/2022 20:00,12/21/2022 20:00
78,100079,,,,YYA-161 | Asesor/A Digital De Aplicacio´N,"U´nete a una de las empresas mexicanas con mayor crecimiento y forma parte de esta gran etapa, ""ESTAMOS DIGITALIZANDO ME´XICO"" Solicitamos promotores de aplicacio´n BAZ en campo …",,11/21/2022 20:00,12/21/2022 20:00
79,100080,,,,LIC EN DERECHO BILINGÜE (RECIÉN EGRESADO) - [PSF-009],"- Recién egresado: Carrera en Derecho - Inglés avanzado 90%. - - Experiencia laboral o prácticas de 6 meses a 1 año en temas de inmigración, paralegal, o afín. - Buen manejo de …",,11/21/2022 20:00,12/21/2022 20:00
80,100081,,,,Asesor de Crédito (YTP641),ASESOR DE CREDITO EVENTUAL LIVERPOOL MISIONES CD JUAREZ **Requisitos**: *Tener su secundaria terminada *Conocimiento en computación basica *Trabajar en equipo *Ser dinámico y …,,11/21/2022 20:00,12/21/2022 20:00
81,100082,,,,(U962) | Consultor Sap Fi,"Experis IT es una empresa de tecnologías de la información que vincula de manera efectiva al talento más competitivo con grandes empresas en México, Norteamérica y Europa. En …",,11/21/2022 20:00,12/21/2022 20:00
82,100083,,,,"(Z-372) Asesor CI por Incremento Villa Juarez, NL","Compartamos Banco busca vendedores de créditos individuales para la zona de Villa Juarez Si estás en búsqueda de empleo, esta es una gran oportunidad para ti Qué actividades …",,11/21/2022 20:00,12/21/2022 20:00
83,100084,,,,Asesor Financiero en Chihuahua | [L-449],"¿TE GUSTARÍA GANAR HASTA $200,000? ¡INTÉGRATE AL MEJOR EQUIPO DE TRABAJO, CONSUBANCO, TU MEJOR OPCIÓN! Empresa certificada en Great Place to Work, líder en el mercado en la …",,11/21/2022 20:00,12/21/2022 20:00
84,100085,,,,Asesor Financiero KI401,"**Descripción del empleo** **PRESTAMOS RELAMPAGO** **SOLICITA: ASESOR FINANCIERO** **SUCURSAL: CD JUAREZ (LOPEZ MATEOS)** - Sexo indistinto, 20 a 45 años. - Bachillerato - Gente …",,11/21/2022 20:00,12/21/2022 20:00
85,100086,,,,Consultor SAP EC&ECP,"¡Únete a nuestro equipo! Trabajarás de la mano de uno de nuestros principales clientes, brindando servicios de calidad. Lugar de trabajo: Lomas de Chapultepec, Ciudad de México …",,11/21/2022 20:00,12/21/2022 20:00
86,100087,,,,RDJ-734 - Consultor SAP EC & ECP,"¡Únete a nuestro equipo! Trabajarás de la mano de uno de nuestros principales clientes, brindando servicios de calidad. Lugar de trabajo: Lomas de Chapultepec, Ciudad de México …",,11/21/2022 20:00,12/21/2022 20:00
87,100088,,,,Asesor Personalizado | [U078],**TELCEL** S O L I C I T A: **ASESOR PERSONALIZADO** **OBJETIVO DEL PUESTO**:Atender los requerimientos de los clientes con el fin de brindar una solución a los mismos. **Requisito …,,11/21/2022 20:00,12/21/2022 20:00
88,100089,,,,[YFN331] Asesor Financiero - Sector Gobierno,**¡INTEGRATE A UNA EMPRESA LIDER EN SU RAMO!** **IMPORTANTE EMPRESA FINANCIERA SOLICITA** **ASESOR FINANCIERO (SECTOR DE GOBIERNO)** **Requisitos**: Edad: 20 a 60 años Genero …,,11/21/2022 20:00,12/21/2022 20:00
89,100090,,,,Staff Auditoria Jrz Junio 2022 | MG142,"**Staff de Auditoría - Juarez** Desde pequeñas empresas hasta algunas de las marcas más conocidas del mundo, nuestros clientes cuentan con declaraciones financieras confiables, …",,11/21/2022 20:00,12/21/2022 20:00
90,100091,,,,ISL072 Staff Auditoria Jrz Agosto 2022,"**Staff de Auditoría - Juarez** Desde pequeñas empresas hasta algunas de las marcas más conocidas del mundo, nuestros clientes cuentan con declaraciones financieras confiables, …",,11/21/2022 20:00,12/21/2022 20:00
91,100092,,,,[CES-005] - Auditor C-tpat y Oea,Conocimientos en certificaciones de C-TPAT y OEA Manejo de Microsoft Conocimiento de transporte de carga **Actividades a realizar**: Auditorias internas y externas Actualizacion …,,11/21/2022 20:00,12/21/2022 20:00
92,100093,,,,(EEZ-905) | Asesor Financiero A Certificar,"OfrecemosSalario por comisiones arriba de $50,000 mensualesComisiones NO TOPADASBonos adicionales por resultadosCapacitación y CertificaciónViajes Nacionales e InternacionalesCreci …",,11/21/2022 20:00,12/21/2022 20:00
93,100094,,,,SI-470 - Asesor De Creditosasesor Financierocreditoprospecci …,"IMPORTANTE EMPRESA DEL SECTOR FINANCIERO, SOLICITA ASESORA DE CRÉDITO, FINANCIERO YO ADMINISTRATIVO REQUISITOS Escolaridad Bachillerato Experiencia 1 año de experiencia en sector …",,11/21/2022 20:00,12/21/2022 20:00
94,100095,,,,[ZE385] ASESOR DE SERVICIO,AGENCIA AUTOMOTRIZ MG CD. JUAREZ SOLICITAMOS ASESOR DE SERVICIO AUTOMORIZ REQUISITOS: Experiencia en atención a clientes. Conocimiento de piezas automotrices básico. Lic. Vigente. …,,11/21/2022 20:00,12/21/2022 20:00
95,100096,,,,[XJ-334] | Asesor Financiero - Cd Juarez,"EMPRESA li´der en el mercado mexicano en la colocacio´n de cre´ditos personales descuento vi´a no´mina en el sector gubernamental, con ma´s de 1400 colaboradores; por expansio´n …",,11/21/2022 20:00,12/21/2022 20:00
96,100097,,,,"Casilleros Rojos-Lockers
ciudad juarez",Vendo Casilleros-Lockers color rojo tengo 17 unidades de diferentes cantidad de espacios. Precio a Tratar,US$ 200.00,11/21/2022 20:00,12/21/2022 20:00
97,100098,,,,"Vendo Refrigerador Industrial Victory Modelo RAA-2D-S7
ciudad juarez",Vendo Refrigerador Commercial Victory en excelentes condiciones. Precio a tratar Gracias,"$19,000 ",11/21/2022 20:00,12/21/2022 20:00
98,100099,,,,"Casillero de 6 Espacios color Gris-Lockers
ciudad juarez",Casilleros color Gris de 6 Espacios en buenas condiciones Precio a tratar,"$3,000 ",11/21/2022 20:00,12/21/2022 20:00
99,100100,,,,"Vendo Rebanadora Hobart en Buenas Condiciones
Ciudad Juárez",Vendo Rebanadora Marca Hobart en buenas condiciones precio a tratar Gracias,"US$ 1,400.00",11/21/2022 20:00,12/21/2022 20:00
100,100101,,,,"ALARMA DETECTORA DE METANO, PROPANO Y BIOXIDO DE CARBONO mod km
juarez chihuahua","Alarma que se activa cuando existe una concentracion mayor a la permitida de los gases domesticos de metano, propano y dioxido de carbono, debe de estar conectado al sistema …",$150 ,11/21/2022 20:00,12/21/2022 20:00
101,100102,,,,"DRAW POKER electronico
Juárez","DRAW POKER electronico Juego electronico para uno o dos jugadores, con tablero con puntuacion según las cartas. Usa 2 pilas aaa, le falta la tapa para las pilas, no afectando …",$120 ,11/21/2022 20:00,12/21/2022 20:00
102,100103,,,,"CRISTALES QUE CRECEN
Juárez","CRISTALES QUE CRECEN Formula quimica para formar cristales en color verde, instruciones en ingles, con apoyo grafico, para niños mayores de 10 años, para realizarse bajo …",$150 ,11/21/2022 20:00,12/21/2022 20:00
103,100104,,,,"PLUMA DORADA CON CAMARA
Juárez","PLUMA DORADA CON CAMARA Pluma especial en color dorado para grabar audio y video, tomar fotos o grabar audio, se envía sin tarjeta de memoria, incluye cable, guía de funcionamient …",$450 ,11/21/2022 20:00,12/21/2022 20:00
104,100105,,,,"PANIFICADORA MODELO 1153.
Juárez","PANIFICADORA MODELO 1153.Panificadora eléctrica de uso domestico automatico marca tooastmast línea bread box modelo 1153 funciona, instrucciones impresas en ingles. 1626 Se …",$850 ,11/21/2022 20:00,12/21/2022 20:00
105,100106,,,,"BOMBILLA, FOCO 1600 LUMENS 4p
Juárez","FOCO 1600 LUMENS Foco, bombilla 20w de consumo, se puede usar con regulador de intensidad, luz blanca 1600 lumens de iluminacion (el doble que la mayoria de los focos comerciales), …",$240 ,11/21/2022 20:00,12/21/2022 20:00
106,100107,,,,"20 W FOCO 1600 LUMENS E27 10p
Juárez","Foco, bombilla 20w de consumo, se puede usar con regulador de intensidad, luz blanca 1600lumens de iluminacion (el doble que la mayoria de los focos comerciales), para uso dentro …",$500 ,11/21/2022 20:00,12/21/2022 20:00
107,100108,,,,"ALARMA KIDDE KN-COPE-IC
Juárez","ALARMA KIDDE KN-COPE-IC Alarma fotoelectrica que detecta humo y monoxido de carbono con mensajes de voz, requiere bateria de 9v para respaldo, se conecta a linea de 120vac, …",$450 ,11/21/2022 20:00,12/21/2022 20:00
108,100109,,,,"UNIDEN ATLANTIS 2 VIAS RADIO
Juárez","UNIDEN ATLANTIS 2 VIAS RADIO Radio escáner de uso marítimo o costero, con frecuencia de estados unidos, Canada e internacional, trasmite en caso de emergencia o solo escucha desde …","$1,900 ",11/21/2022 20:00,12/21/2022 20:00
109,100110,,,,"ELECTRONICA 100 PZ JUEGO
Juárez","ELECTRONICA 100 PZ JUEGO kit para aprender y practicar la electronica, juego completo con material impreso, partes electronicas. Funciona usado completo 1610 Por favor tome en …",$200 ,11/21/2022 20:00,12/21/2022 20:00
110,100111,,,,"ROCIADORES HUNTER I 25
Juárez","ROCIADORES HUNTER I 25 Paquete de 6 rociadores para jardin marca hunter mod 1 25, entrada de 1/2 pulgada, ajustable …",$250 ,11/21/2022 20:00,12/21/2022 20:00
111,100112,,,,"TERMOSTATO LUX PSP511L
Juárez","TERMOSTATO LUX PSP511L Termostato programable para la regulación de la temperatura y ventilación, usado funciona. 3187 1247 Por favor tome en cuenta que las fotografías son …",$200 ,11/21/2022 20:00,12/21/2022 20:00
112,100113,,,,"ALARMA QUORUM PAAL 11
Juárez",ALARMA QUORUM PAAL 11 alarma portatil para usarse en la cintura produce 120 db de sonido molesto 1545 Por favor tome en cuenta que las fotografías son auxiliares del producto …,$300 ,11/21/2022 20:00,12/21/2022 20:00
113,100114,,,,"RESMED AUTOSET SPIRIT CPAP.
Juárez","RESMED AUTOSET SPIRIT CPAP. Aparato electrónico de 120v funcionando, usado, en buen estado auxiliar respiratorio y del sueño, sin manual de usuario impreso, incluye cable para …","$4,500 ",11/21/2022 20:00,12/21/2022 20:00
114,100115,,,,"ROYAL SC8 TRITURADORA PAPEL
Juárez","ROYAL SC8 TRITURADORA PAPEL Trituradora eléctrica para papel, en color negro, corte en dos sentidos además de espacio para cortar tarjetas de presentación, usada, funciona, 1782 …",$300 ,11/21/2022 20:00,12/21/2022 20:00
115,100116,,,,"IROBOT BRAAVA JET 245
Juárez","IROBOT BRAAVA JET 245 Trapeador mapeador electronico para limpieza de pisos de manera robotizada, poco peso, silenciosa, falta cargador electrico. 1787 Por favor tome en cuenta …","$1,900 ",11/21/2022 20:00,12/21/2022 20:00
116,100117,,,,"PUNTA NASALES P OXIGENO
Juárez","Por favor tome en cuenta que las fotografías son auxiliares del producto publicadoLinea de plastico con puntas nasales y conexión para tanque de oxigeno, nueva, sin abrir, 7 pies …",$70 ,11/21/2022 20:00,12/21/2022 20:00
117,100118,,,,"CUADRO SILICONA 6.5 PULG.
Juárez","CUADRO SILICONA 6.5 PULG. Base cuadrada de silicona en color anaranjada, infinidad de usos,medida de 6.5 pulgadas, nueva precio por pieza Por favor tome en cuenta que las …",$35 ,11/21/2022 20:00,12/21/2022 20:00
118,100119,,,,"TAPON, CONO PARA RIEGO CON BOTELLA
Juárez","TAPON, CONO PARA RIEGO CON BOTELLA Tapon, cono para riego con botella, paquete con 10 piezas 2 modelos diferentes, nuevos, sin usar, riego automatico 1817 Por favor tome en cuenta …",$300 ,11/21/2022 20:00,12/21/2022 20:00
119,100120,,,,"fertilizante de pescado alaska
Juárez","fertilizante liquido con capacidad de 900 ml usado solo una vez para muestra, ideal para cultivos en agua circulando. Por favor tome en cuenta que las fotografías son auxiliares …",$500 ,11/21/2022 20:00,12/21/2022 20:00
